--Create Users
INSERT INTO USERS (ID, USERNAME, EMAIL) VALUES(1, 'user1', 'mail1@gmail.com');
INSERT INTO USERS (ID, USERNAME, EMAIL) VALUES(2, 'user2', 'mail2@gmail.com');
INSERT INTO USERS (ID, USERNAME, EMAIL) VALUES(3, 'user3', 'mail3@gmail.com');
INSERT INTO USERS (ID, USERNAME, EMAIL) VALUES(4, 'user4', 'mail4@gmail.com');

--Create banks
INSERT INTO BANKS (ID, NAME) VALUES(1, 'High');
INSERT INTO BANKS (ID, NAME) VALUES(2, 'Mid');
INSERT INTO BANKS (ID, NAME) VALUES(3, 'Low');

--Create banks' apis
INSERT INTO BANK_API (BANK_ID, BANK_API_TYPE, URL)
VALUES (1, 'DO_LOGIN', 'http://high-standard-bank.com/login');

INSERT INTO BANK_API (BANK_ID, BANK_API_TYPE, URL)
VALUES (1, 'GET_TRANSACTIONS', 'http://localhost:8080/fake/high-standard-bank/transactions');

INSERT INTO BANK_API (BANK_ID, BANK_API_TYPE, URL)
VALUES (1, 'GET_BALANCE', 'http://localhost:8080/fake/high-standard-bank/balance');

INSERT INTO BANK_API (BANK_ID, BANK_API_TYPE, URL)
VALUES (2, 'DO_LOGIN', 'http://mid-standard-bank.com/login');

INSERT INTO BANK_API (BANK_ID, BANK_API_TYPE, URL)
VALUES (2, 'GET_TRANSACTIONS', 'http://localhost:8080/fake/mid-standard-bank/transactions');

INSERT INTO BANK_API (BANK_ID, BANK_API_TYPE, URL)
VALUES (2, 'GET_BALANCE', 'http://localhost:8080/fake/mid-standard-bank/balance');

INSERT INTO BANK_API (BANK_ID, BANK_API_TYPE, URL)
VALUES (3, 'DO_LOGIN', 'http://low-standard-bank.com/login');

INSERT INTO BANK_API (BANK_ID, BANK_API_TYPE, URL)
VALUES (3, 'GET_TRANSACTIONS', 'http://localhost:8080/fake/low-standard-bank/transactions');

INSERT INTO BANK_API (BANK_ID, BANK_API_TYPE, URL)
VALUES (3, 'GET_BALANCE', 'http://localhost:8080/fake/low-standard-bank/balance');

--Create bank accounts

INSERT INTO BANK_ACCOUNTS (BANK_ID, USER_ID, COLOR)
VALUES(1, 1, 'LIGHT_BLUE');

INSERT INTO BANK_ACCOUNTS (BANK_ID, USER_ID, COLOR)
VALUES(1, 2, 'WHITE');

INSERT INTO BANK_ACCOUNTS (BANK_ID, USER_ID, COLOR)
VALUES(1, 3, 'DARK_BLUE');

INSERT INTO BANK_ACCOUNTS (BANK_ID, USER_ID, COLOR)
VALUES(2, 1, 'ORANGE');

INSERT INTO BANK_ACCOUNTS (BANK_ID, USER_ID, COLOR)
VALUES(2, 2, 'PINK');

INSERT INTO BANK_ACCOUNTS (BANK_ID, USER_ID, COLOR)
VALUES(2, 3, 'ORANGE');

INSERT INTO BANK_ACCOUNTS (BANK_ID, USER_ID, COLOR)
VALUES(3, 1, 'YELLOW');

INSERT INTO BANK_ACCOUNTS (BANK_ID, USER_ID, COLOR)
VALUES(3, 2, 'BLACK');

INSERT INTO BANK_ACCOUNTS (BANK_ID, USER_ID, COLOR)
VALUES(3, 3, 'RED');